identifier,Order,Family,Genus,Protein families,Protein names,embeddings_labels,blast_labels
P85874,Hymenoptera,Vespidae,Polistes,"MCD family, Mastoparan subfamily",Mastoparan-like PMM (Mastoparan-like peptide PMM2),-1,4
P0DQT3,Hymenoptera,Vespidae,Parachartergus,"MCD family, Mastoparan subfamily",Polybia-MP-II (Polybia-MPII),-1,4
P83659,Hymenoptera,Pompilidae,Cyphononyx,Bradykinin-related peptide family,Cyphokinin (Bradykinin-related peptide) [Cleaved into: Thr6-bradykinin (Thr6-BK)],-1,4
P01499,Hymenoptera,Apidae,Apis,,Mast cell degranulating peptide (MCD peptide) (MCDP) (Peptide 401),-1,4
P82428,Hymenoptera,Formicidae,Neoponera,"Non-disulfide-bridged peptide (NDBP) superfamily, Medium-length antimicrobial peptide (group 3) family, Ponericin-W subfamily",M-poneritoxin-Ng1f (M-PONTX-Ng1f) (Poneratoxin) (Ponericin-W6),-1,4
C7DT09,Hymenoptera,Vespidae,Orancistrocerus,MCD family,Venom peptide 3 (OdVP3) (VP3),-1,4
D1MEI6,Hymenoptera,Vespidae,Eumenes,"MCD family, Eumenitin subfamily",Eumenitin VP1 (Venom peptide 1) (EpVP1) (VP1),-1,4
P0C1Q5,Hymenoptera,Vespidae,Protonectarina,"MCD family, Mastoparan subfamily",Protonectarina mastoparan (Protonectarina-MP),-1,4
P84914,Hymenoptera,Vespidae,Polybia,"MCD family, Mastoparan subfamily",Polybia-mastoparan-III (Polybia-MP-III) (Polybia-MPIII) (Mastoparan peptide) (MP) (Venom protein 13b) (VP13b),-1,4
P84388,Hymenoptera,Vespidae,Polybia,,Polybine-1 (Polybine-I),-1,4
P01514,Hymenoptera,Vespidae,Vespula,"MCD family, Mastoparan subfamily",Mastoparan-L (MP-L) (Mast-L),-1,4
P01518,Hymenoptera,Vespidae,Vespa,"MCD family, Crabrolin subfamily",Crabrolin,-1,4
P04205,Hymenoptera,Vespidae,Vespa,"MCD family, Mastoparan subfamily",Mastoparan-M (MP-M) (Mast cell-degranulating peptide),-1,4
P0DRA1,Hymenoptera,Vespidae,Vespa,"MCD family, Mastoparan subfamily",Mastoparan-VB1 (MP-VB1),-1,4
P0DQZ4,Hymenoptera,Vespidae,Vespa,"MCD family, Mastoparan subfamily",Mastoparan-VT1 [Cleaved into: Mastoparan-VT2],-1,4
P0C022,Hymenoptera,Vespidae,Anterhynchium,"MCD family, Mastoparan subfamily",Eumenine mastoparan-AF (EMP-AF) (Af-113),-1,4
P84389,Hymenoptera,Vespidae,Polybia,,Polybine-2 (Polybine-II),-1,4
P0DRA0,Hymenoptera,Vespidae,Vespa,"MCD family, Crabrolin subfamily",Vespid chemotactic peptide VT1 (VCP-VT1) [Cleaved into: Vespid chemotactic peptide VT2 (VCP-VT2)],-1,4
P0CJ38,Hymenoptera,Vespidae,Eumenes,"MCD family, Mastoparan subfamily",Eumenine mastoparan-ER (EMP-ER),-1,4
P01502,Hymenoptera,Apidae,Apis,Melittin family,Melittin (MEL) (MLT),-1,3
P01504,Hymenoptera,Apidae,Apis,Melittin family,Melittin (MEL) (MLT),-1,3
P01516,Hymenoptera,Vespidae,Vespa,"MCD family, Mastoparan subfamily",Mastoparan-C (MP-C),-1,3
A0A348G5W2,Hymenoptera,Formicidae,Odontomachus,Formicidae venom precursor-01 superfamily,U-poneritoxin(01)-Om6a (PONTX(01)-Om6) (U-PONTX(01)-Om6a) (Pilosulin-like peptide 6) (PLP6) (Poneratoxin),-1,3
C0HJY6,Hymenoptera,Formicidae,Anochetus,Poneritoxin-Ae1 family,U1-poneritoxin-Ae1c (U1-PONTX-Ae1c) (Poneratoxin),-1,3
A0A8U0LTY4,Hymenoptera,Formicidae,Rhytidoponera,,Ectatotoxin-Rm1a (ECTX-Rm1a) (ECTX1-Rm1a),-1,3
A0A6M3Z541,Hymenoptera,Formicidae,Tetramorium,,U13-myrmicitoxin-Tb1a (U13-MYRTX-Tb1a) [Cleaved into: U13-myrmicitoxin-Tb1a (cleaved) (U13-MYRTX-Tb1a (cleaved))],-1,3
D1MEJ3,Hymenoptera,Vespidae,Eumenes,MCD family,Venom peptide 6 (EpVP6) (VP6) (Protonectin VP6),-1,3
P01515,Hymenoptera,Vespidae,Vespa,"MCD family, Mastoparan subfamily",Mastoparan-X (MP-X) (MPX),-1,3
C0HJY7,Hymenoptera,Formicidae,Anochetus,Poneritoxin-Ae1 family,U1-poneritoxin-Ae1d (U1-PONTX-Ae1d) (Poneratoxin),-1,3
A0A6M3Z4D9,Hymenoptera,Formicidae,Tetramorium,Formicidae venom precursor-01 superfamily,U10-myrmicitoxin-Tb1a (U10-MYRTX-Tb1a) [Cleaved into: U10-myrmicitoxin-Tb1a (cleaved) (Cleaved U10-MYRTX-Tb1a (cleaved))],-1,3
A0A6M3Z4R1,Hymenoptera,Formicidae,Tetramorium,,U3-myrmicitoxin-Tb1a (U3-MYRTX-Tb1a),-1,3
C0HJY8,Hymenoptera,Formicidae,Anochetus,Poneritoxin-Ae1 family,U1-poneritoxin-Ae1e (U1-PONTX-Ae1e) (Poneratoxin),-1,3
C0HJZ0,Hymenoptera,Formicidae,Anochetus,Poneritoxin-Ae1 family,U1-poneritoxin-Ae1g (U1-PONTX-Ae1g) (Poneratoxin),-1,3
C0HJH7,Hymenoptera,Formicidae,Dinoponera,,M-poneritoxin-Dq4a (M-PONTX-Dq4a) (Dinoponeratoxin Dq-3104) (Poneratoxin),-1,3
C0HLT7,Hymenoptera,Vespidae,Polybia,Bradykinin-related peptide family,Thr6-bradykinin (Bradykinin-related peptide),-1,3
D1MEI8,Hymenoptera,Vespidae,Eumenes,"MCD family, Mastoparan subfamily",Venom peptide 2b (EpVP2b) (VP2b) (Eumenine mastoparan VP2b),-1,3
C0HJY9,Hymenoptera,Formicidae,Anochetus,Poneritoxin-Ae1 family,U1-poneritoxin-Ae1f (U1-PONTX-Ae1f) (Poneratoxin),-1,3
A0A6G9KHE4,Hymenoptera,Formicidae,Manica,,Delta-myrmicitoxin-Mri1a (Delta-MYRTX-Mri1a) (U3-myrmicitoxin-Mri1a) (U3-MYRTX-Mri1a) (U3-MYTX-Mri1a),-1,3
A0A6M3Z9I6,Hymenoptera,Formicidae,Tetramorium,Formicidae venom precursor-01 superfamily,U8-myrmicitoxin-Tb1a (U8-MYRTX-Tb1a),-1,3
C0HJY5,Hymenoptera,Formicidae,Anochetus,Poneritoxin-Ae1 family,U1-poneritoxin-Ae1b (U1-PONTX-Ae1b) (Poneratoxin),-1,3
Q8LW54,Hymenoptera,Apidae,Apis,Melittin family,Melittin (MEL) (MLT),-1,4
A0A6G9KHD6,Hymenoptera,Formicidae,Manica,Formicidae venom precursor-01 superfamily,U10-myrmicitoxin-Mri1c (U10-MYRTX-Mri1c),-1,5
A0A6G9KHD3,Hymenoptera,Formicidae,Manica,,U12-myrmicitoxin-Mri1a (U12-MYRTX-Mri1a) (U-MYRTX-MANr1),-1,5
C0HLS2,Hymenoptera,Formicidae,Pseudomyrmex,,DELTA-pseudomyrmecitoxin-Pp1a subunit A (DELTA-PSDTX-Pp1a subunit A),-1,4
C0HLS3,Hymenoptera,Formicidae,Pseudomyrmex,,DELTA-pseudomyrmecitoxin-Pp1a subunit B (DELTA-PSDTX-Pp1a subunit B),-1,4
P0DV18,Hymenoptera,Formicidae,Neoponera,Ponericin-G family,M-poneritoxin-Nc3b (M-PONTX-Nc3b) (Poneratoxin) (Ponericin Nc3b),-1,7
P0DMB4,Hymenoptera,Vespidae,Vespa,"AB hydrolase superfamily, Lipase family",Phospholipase A1 1 (PLA1) (EC 3.1.1.32) (Allergen Ves a 1.01) (Vespapase) (allergen Vesp a 1),-1,7
P56587,Hymenoptera,Apidae,Apis,,Tertiapin (TPN),-1,7
P69437,Hymenoptera,Vespidae,Agelaia,"MCD family, Protonectin subfamily",Protonectin (PTN) (Agelaia-chemotactic peptide) (Agelaia-CP) [Cleaved into: Protonectin (1-6) (PNT (1-6))],-1,7
P0DSM4,Hymenoptera,Formicidae,Neoponera,"Non-disulfide-bridged peptide (NDBP) superfamily, Medium-length antimicrobial peptide (group 3) family, Ponericin-W subfamily",M-poneritoxin-Na1b (M-PONTX-Na1b) (Poneratoxin) (Ponericin Pa II2) (U1-poneritoxin-Na1b) (U1-PONTX-Na1b),-1,4
P0DRA3,Hymenoptera,Vespidae,Vespa,"MCD family, Mastoparan subfamily",VESP-VB1,-1,4
P21654,Hymenoptera,Vespidae,Vespa,"MCD family, Mastoparan subfamily",Mastoparan-B (MP-B),-1,4
P0DUV1,Hymenoptera,Sphecidae,Sphex,FARP (FMRFamide related peptide) family,FMRFamide-like peptide Sa12b (Sa-12) (Sa12b) (Sa-112) (Sa112),-1,4
P0C1R1,Hymenoptera,Vespidae,Protonectarina,"MCD family, Protonectin subfamily",Protonectin (PTN),-1,4
A0SPI1,Hymenoptera,Vespidae,Vespa,"MCD family, Crabrolin subfamily",Vespid chemotactic peptide 5h (VCP 5h),-1,4
P84915,Hymenoptera,Vespidae,Polybia,"MCD family, Mastoparan subfamily",Polybia-MP-II (Polybia-MPII) (Venom protein 13a) (VP13a),-1,4
P0CD70,Hymenoptera,Megachilidae,Osmia,Xylopin-like family,Osmin,-1,4
P0DUV2,Hymenoptera,Sphecidae,Isodontia,FARP (FMRFamide related peptide) family,FMRFamide-like peptide Sh5a (FMRFamide-like peptide Sa-112) (Sa112) [Cleaved into: FMRFamide-like peptide Sh5b],-1,4
P69436,Hymenoptera,Vespidae,Agelaia,"MCD family, Mastoparan subfamily",Agelaia-MPI (Agelaia-MP),-1,4
A0A6G9KJV6,Hymenoptera,Formicidae,Manica,Formicidae venom precursor-01 superfamily,U10-myrmicitoxin-Mri1b (U10-MYRTX-Mri1b),-1,4
A0A6G9KJK9,Hymenoptera,Formicidae,Manica,Formicidae venom precursor-01 superfamily,U10-myrmicitoxin-Mri1a (U10-MYRTX-Mri1a),-1,4
A0A6G9KIT6,Hymenoptera,Formicidae,Manica,,U13-myrmicitoxin-Mri1a (U13-MYRTX-Mri1a),-1,4
P41736,Hymenoptera,Formicidae,Paraponera,,Glycyl-poneratoxin (Glycyl-PoTx) [Cleaved into: Delta-paraponeritoxin-Pc1a (Delta-PPOTX-Pc1a) (Pac-TX) (Poneratoxin) (PoTX) (Poneritoxin)],-1,4
P49343,Hymenoptera,Formicidae,Ectatomma,"Ectatomin family, Ectatomin-Et subfamily",Omega/M-ectatotoxin-Et1a subunit A (Omega/M-ECTX-Et1a subunit A) (Ectatomin subunit A) (EA) (Ectatomin-Et1 subunit A),-1,4
P49344,Hymenoptera,Formicidae,Ectatomma,"Ectatomin family, Ectatomin-Et subfamily",Omega/M-ectatotoxin-Et1a subunit B (Omega/M-ECTX-Et1a subunit B) (Ectatomin subunit B) (EA) (Ectatomin-Et1 subunit B),-1,4
A0A6G9KIR5,Hymenoptera,Formicidae,Manica,Formicidae venom precursor-01 superfamily,U20-myrmicitoxin-Mri1a (U20-MYRTX-Mri1a),-1,4
P0DSL3,Hymenoptera,Formicidae,Ectatomma,"Ectatomin family, Ectatomin-Eq subfamily",U1-ectatotoxin-Eb1b (U1-ECTX-Eb1b) (Ectatomin-Eq2),-1,0
P0DSI8,Hymenoptera,Formicidae,Neoponera,Ponericin-G family,U1-poneritoxin-Ni3a (U1-PONTX-Ni3a) (Poneratoxin) (Ponericin Pi I1),-1,0
P0DSL2,Hymenoptera,Formicidae,Ectatomma,"Ectatomin family, Ectatomin-Et subfamily",U1-ectatotoxin-Et1b subunit B (U1-ECTX-Et1b subunit B) (Ectatomin-Et2 subunit B),-1,0
P0DSL1,Hymenoptera,Formicidae,Ectatomma,"Ectatomin family, Ectatomin-Et subfamily",U1-ectatotoxin-Et1b subunit A (U1-ECTX-Et1b subunit A) (Ectatomin-Et2 subunit A),-1,0
P0DSK8,Hymenoptera,Formicidae,Ectatomma,"Ectatomin family, Ectatomin-Eq subfamily",U1-ectatotoxin-Eb1a subunit A (U1-ECTX-Eb1a subunit A) (Ectatomin-Eq1 subunit A),-1,0
P0DSI9,Hymenoptera,Formicidae,Neoponera,Ponericin-G family,U1-poneritoxin-Na3b (U1-PONTX-Na3b) (Poneratoxin) (Ponericin Pa I2),-1,0
P0DSK9,Hymenoptera,Formicidae,Ectatomma,"Ectatomin family, Ectatomin-Eq subfamily",U1-ectatotoxin-Eb1a subunit B (U1-ECTX-Eb1a subunit B) (Ectatomin-Eq1 subunit B),-1,0
P0DSI6,Hymenoptera,Formicidae,Tetramorium,Formicidae venom precursor-01 superfamily,U-myrmicitoxin(01)-Tb5a (MYRTX(01)-Tb5) (U-MYRTX(01)-Tb5a),-1,0
P0DSI4,Hymenoptera,Formicidae,Tetramorium,Formicidae venom precursor-01 superfamily,U4-myrmicitoxin-Tb1a (U4-MYRTX-Tb1a) (U-myrmicitoxin(01)-Tb3a) (MYRTX(01)-Tb3) (U-MYRTX(01)-Tb3a),-1,0
P0DX65,Hymenoptera,Vespidae,Polybia,,Occidentalin-1202,-1,0
P0DRA8,Hymenoptera,Vespidae,Parachartergus,"MCD family, Mastoparan subfamily",Agelaia-MPI,-1,0
P10521,Hymenoptera,Apidae,Bombus,"MCD family, Bombolitin subfamily",Bombolitin-1 (Bombolitin I),-1,0
P0DSI5,Hymenoptera,Formicidae,Tetramorium,Formicidae venom precursor-01 superfamily,U7-myrmicitoxin-Tb1a (U7-MYRTX-Tb1a) (U-myrmicitoxin(01)-Tb4a) (MYRTX(01)-Tb4) (U-MYRTX(01)-Tb4a),-1,0
P0DSM3,Hymenoptera,Formicidae,Neoponera,"Non-disulfide-bridged peptide (NDBP) superfamily, Medium-length antimicrobial peptide (group 3) family, Ponericin-W subfamily",U1-poneritoxin-Ni1a (U1-PONTX-Ni1a) (Poneratoxin) (Ponericin Pi II1),-1,0
P0DSM5,Hymenoptera,Formicidae,Neoponera,"Non-disulfide-bridged peptide (NDBP) superfamily, Medium-length antimicrobial peptide (group 3) family, Ponericin-W subfamily",U1-poneritoxin-Ni1b (U1-PONTX-Ni1b) (Poneratoxin) (Ponericin Pi II2),-1,0
P0DRB2,Hymenoptera,Vespidae,Parachartergus,Sylv/frat/paul family,Fraternine,-1,0
P0DSL0,Hymenoptera,Formicidae,Myrmica,,U1-myrmicitoxin-Mr1a (U1-MYRTX-Mr1a) (U-myrmicitoxin-MRArub1) (U-MYRTX-MRArub1),-1,0
P0DSJ0,Hymenoptera,Formicidae,Neoponera,Ponericin-G family,U1-poneritoxin-Ni3b (U1-PONTX-Ni3b) (Poneratoxin) (Ponericin Pi I2),-1,0
P68409,Hymenoptera,Vespidae,Vespa,Melittin family,Melittin (MEL) (MLT),-1,0
D1MEJ1,Hymenoptera,Vespidae,Eumenes,,Venom peptide 4b (EpVP4b) (VP4b),-1,0
P68407,Hymenoptera,Apidae,Apis,Melittin family,Melittin (MEL) (MLT),-1,0
P68408,Hymenoptera,Vespidae,Vespa,Melittin family,Melittin (MEL) (MLT),-1,0
P59262,Hymenoptera,Vespidae,Vespula,Melittin family,Melittin (MEL) (MLT),-1,0
P57672,Hymenoptera,Vespidae,Vespula,Bradykinin-related peptide family,Vespulakinin-1 [Cleaved into: Vespulakinin-2 (Bradykinin-related peptide)],-1,0
P07495,Hymenoptera,Apidae,Bombus,"MCD family, Bombolitin subfamily",Bombolitin-4 (Bombolitin IV),-1,2
P07493,Hymenoptera,Apidae,Bombus,"MCD family, Bombolitin subfamily",Bombolitin-2 (Bombolitin II),-1,2
P0C1M5,Hymenoptera,Vespidae,Vespa,"MCD family, Mastoparan subfamily",Mastoparan-like peptide 12b,-1,2
P0C1M1,Hymenoptera,Vespidae,Vespa,"MCD family, Crabrolin subfamily",Vespid chemotactic peptide 5e (VCP 5e),-1,2
P01517,Hymenoptera,Vespidae,Polistes,"MCD family, Mastoparan subfamily",Mastoparan-J (Polistes mastoparan) (P-MP),-1,3
A0A348G5V8,Hymenoptera,Formicidae,Odontomachus,Formicidae venom precursor-01 superfamily,U-poneritoxin(01)-Om2a (U-PONTX(01)-Om2a) (Pilosulin-like peptide 2) (PLP2) (Poneratoxin),-1,3
P07496,Hymenoptera,Apidae,Bombus,"MCD family, Bombolitin subfamily",Bombolitin-5 (Bombolitin V),-1,2
P07494,Hymenoptera,Apidae,Bombus,"MCD family, Bombolitin subfamily",Bombolitin-3 (Bombolitin III),-1,2
P0C1M2,Hymenoptera,Vespidae,Vespa,"MCD family, Crabrolin subfamily",Vespid chemotactic peptide 5f (VCP 5f),-1,2
P0C1M3,Hymenoptera,Vespidae,Vespa,"MCD family, Crabrolin subfamily",Vespid chemotactic peptide 5g (VCP 5g),-1,2
P0C1M4,Hymenoptera,Vespidae,Vespa,"MCD family, Mastoparan subfamily",Mastoparan-like peptide 12a,-1,2
P0DV17,Hymenoptera,Formicidae,Neoponera,Ponericin-G family,M-poneritoxin-Nc3a (M-PONTX-Nc3a) (Poneratoxin) (Ponericin Nc3a),-1,0
P17236,Hymenoptera,Vespidae,Vespa,"MCD family, Crabrolin subfamily",Histamine-releasing peptide 2 (HR-2) (HR2) (Histamine-releasing peptide II) (HR-II) (HRII) (Mast cell degranulating peptide HR2) (MCD HR2),-1,0
P0DX61,Hymenoptera,Formicidae,Tetramorium,,Delta-myrmicitoxin-Ta3a (Delta-MYRTX-Ta3a) (Ta3a) (U3_MYRTX_Ta1a),-1,0
P0DV16,Hymenoptera,Formicidae,Neoponera,Ponericin-L family,M-poneritoxin-Nc2a (M-PONTX-Nc2a) (Poneratoxin) (Ponericin Nc2a),-1,0
P17238,Hymenoptera,Vespidae,Vespa,"MCD family, Mastoparan subfamily",Mastoparan (Histamine-releasing peptide I) (HR-1) (HR-I) (HR1),-1,0
P17237,Hymenoptera,Vespidae,Icaria,"MCD family, Protonectin subfamily",Chemotactic peptide (I-CP),-1,0
P0DX60,Hymenoptera,Formicidae,Tetramorium,Formicidae venom precursor-01 superfamily,Myrmicitoxin-Ta2a (MYRTX-Ta2a) (Ta2a) (M_MYRTX_Ta1a),-1,0
P12797,Hymenoptera,Scoliidae,Megascolia,Bradykinin-related peptide family,Megascoliakinin (MBK) (Thr6-bradykinin-Lys-Ala) [Cleaved into: Thr6-bradykinin (Bradykinin-like peptide) (Bradykinin-related peptide)],-1,0
P0DRA7,Hymenoptera,Vespidae,Mischocyttarus,"MCD family, Mastoparan subfamily",Mastoparan MP,-1,0
P0DRA6,Hymenoptera,Vespidae,Polistes,"MCD family, Mastoparan subfamily",Mastoparan PDD-B,-1,0
P0DSM2,Hymenoptera,Formicidae,Neoponera,"Non-disulfide-bridged peptide (NDBP) superfamily, Medium-length antimicrobial peptide (group 3) family, Ponericin-W subfamily",U1-poneritoxin-Na1a (U1-PONTX-Na1a) (Poneratoxin) (Ponericin Pa II1),-1,0
P0DX31,Hymenoptera,Vespidae,Eumenes,"MCD family, Mastoparan subfamily",Eumenine mastoparan-EM1 (EMP-EM1),-1,0
P0DX32,Hymenoptera,Vespidae,Eumenes,"MCD family, Mastoparan subfamily",Eumenine mastoparan-EM2 (EMP-EM2),-1,0
P17235,Hymenoptera,Vespidae,Vespula,"MCD family, Crabrolin subfamily",Vespid chemotactic peptide L (VESCP-L) (Ves-CP-L),-1,0
P69036,Hymenoptera,Vespidae,Protopolybia,"MCD family, Mastoparan subfamily",Protopolybia-mastoparan-III (Protopolybia-MP-III) (Protopolybia-MPIII),-1,0
P69392,Hymenoptera,Pompilidae,Batozonellus,,Beta-pompilidotoxin (Beta-PMTX),-1,0
P69035,Hymenoptera,Vespidae,Protopolybia,"MCD family, Mastoparan subfamily",Protopolybia-mastoparan-II (Protopolybia-MP-II) (Protopolybia-MPII),-1,0
P69034,Hymenoptera,Vespidae,Protopolybia,"MCD family, Mastoparan subfamily",Protopolybia-mastoparan-I (Protopolybia-MP-I) (Protopolybia-MPI),-1,0
P59261,Hymenoptera,Vespidae,Polistes,Melittin family,Melittin (MEL) (MLT),-1,0
P01501,Hymenoptera,Apidae,Apis,Melittin family,Melittin (MEL) (MLT) (Allergen Api m 3) (Allergen Api m III) (allergen Api m 4),-1,8
P01500,Hymenoptera,Apidae,Apis,,Apamin (APM) (Apamine),-1,8
P69391,Hymenoptera,Pompilidae,Anoplius,,Alpha-pompilidotoxin (Alpha-PMTX),-1,7
P86146,Hymenoptera,Vespidae,Orancistrocerus,"MCD family, Mastoparan subfamily",Eumenine mastoparan-OD (EMP-OD) (Venom peptide 1) (OdVP1) (VP1),-1,7
P86147,Hymenoptera,Vespidae,Orancistrocerus,"MCD family, Protonectin subfamily",Venom peptide 2-long (OdVP2L) [Cleaved into: Orancis-protonectin (Venom peptide 2) (OdVP2) (VP2)],-1,7
C0LNR2,Hymenoptera,Vespidae,Vespa,Venom Kunitz-type family,Kunitz-type serine protease inhibitor bicolin,-1,17
B5AJT3,Hymenoptera,Eulophidae,Eulophus,Venom metalloproteinase (M12B) family,Venom metalloproteinase 2 (EpMP2),-1,18
C0HJY4,Hymenoptera,Formicidae,Anochetus,Poneritoxin-Ae1 family,U1-poneritoxin-Ae1a (U1-PONTX-Ae1a) (Poneratoxin),-1,9
D1MEI7,Hymenoptera,Vespidae,Eumenes,"MCD family, Mastoparan subfamily",Venom peptide 2a (EpVP2a) (VP2a) (Eumenine mastoparan VP2a),-1,9
B5U2W0,Hymenoptera,Apidae,Bombus,"Peptidase S1 family, CLIP subfamily",Venom serine protease Bi-VSP (EC 3.4.21.-) (Thrombin-like enzyme),-1,13
B5AJT2,Hymenoptera,Eulophidae,Eulophus,Venom metalloproteinase (M12B) family,Venom metalloproteinase 1 (EpMP1),-1,-1
P0C1Q9,Hymenoptera,Vespidae,Vespula,"MCD family, Mastoparan subfamily",Mastoparan-V2,-1,-1
P0C1Q6,Hymenoptera,Vespidae,Vespa,"MCD family, Mastoparan subfamily",Mastoparan-A (MP-A),-1,-1
P0DM71,Hymenoptera,Vespidae,Protopolybia,Bradykinin-related peptide family,Protopolybiakinin-2 (Bradykinin-related peptide) (Protopolybiakinin-II),-1,0
P0CJ37,Hymenoptera,Vespidae,Eumenes,"MCD family, Eumenitin subfamily",Eumenitin-F,-1,0
P0CD69,Hymenoptera,Apidae,Bombus,"MCD family, Bombolitin subfamily",Bombolitin-8,-1,0
P0CD68,Hymenoptera,Apidae,Bombus,"MCD family, Bombolitin subfamily",Bombolitin-7,-1,0
P0CD67,Hymenoptera,Apidae,Bombus,"MCD family, Bombolitin subfamily",Bombolitin-6,-1,0
P0CF02,Hymenoptera,Formicidae,Dinoponera,,U1-poneritoxin-Da4a (U1-PONTX-Da4a) (Dinoponeratoxin Da-3105) (Poneratoxin),-1,0
P0C931,Hymenoptera,Vespidae,Eumenes,"MCD family, Eumenitin subfamily",Eumenitin (Er-12),-1,0
P0CH47,Hymenoptera,Vespidae,Vespa,"AB hydrolase superfamily, Lipase family",Probable phospholipase A1 magnifin (PLA1) (EC 3.1.1.32),-1,0
P0DM70,Hymenoptera,Vespidae,Protopolybia,Bradykinin-related peptide family,Protopolybiakinin-1 (Bradykinin-related peptide) (Protopolybiakinin-I),-1,0
P0DRA4,Hymenoptera,Vespidae,Vespa,"MCD family, Mastoparan subfamily",VESP-VB2,-1,0
P82427,Hymenoptera,Formicidae,Neoponera,"Non-disulfide-bridged peptide (NDBP) superfamily, Medium-length antimicrobial peptide (group 3) family, Ponericin-W subfamily",M-poneritoxin-Ng1e (M-PONTX-Ng1e) (Poneratoxin) (Ponericin-W5),-1,0
P82426,Hymenoptera,Formicidae,Neoponera,"Non-disulfide-bridged peptide (NDBP) superfamily, Medium-length antimicrobial peptide (group 3) family, Ponericin-W subfamily",M-poneritoxin-Ng1d (M-PONTX-Ng1d) (Poneratoxin) (Ponericin-W4),-1,0
A0A8U0LTN3,Hymenoptera,Formicidae,Rhytidoponera,EGF domain peptide family,OMEGA-ectatommitoxin(02)-Rm1b (ECTX2-Rm1b) (OMEGA-ECTX2-Rm1b),-1,0
A0A8U0LTM5,Hymenoptera,Formicidae,Rhytidoponera,EGF domain peptide family,OMEGA-ectatommitoxin(02)-Rm1c (ECTX2-Rm1c) (OMEGA-ECTX2-Rm1c),-1,0
A0A8U0LTF5,Hymenoptera,Formicidae,Rhytidoponera,,Ectatotoxin-Rm4b (ECTX1-Rm4b) (Venom peptide precursor ECTX1-Rm4b),-1,0
P85873,Hymenoptera,Vespidae,Polistes,Bradykinin-related peptide family,Wasp kinin PMM1 (Bradykinin-related peptide),-1,0
A0A8U0LTF0,Hymenoptera,Formicidae,Rhytidoponera,,Ectatotoxin-Rm4a (ECTX-Rm4a) (Venom peptide precursor ECTX1-Rm4a),-1,0
P0DPR9,Hymenoptera,Apidae,Apis,Melittin family,Melittin-N (MEL-N) (MLT),-1,0
Q7M3V4,Hymenoptera,Vespidae,Vespa,,Orientotoxin-1 (EC 3.1.1.5) (Lysophospholipase) (Orientotoxin I),-1,0
Q7M3V3,Hymenoptera,Vespidae,Vespa,,Orientotoxin-2 (EC 3.1.1.4) (Orientotoxin II) (Phospholipase A2),-1,0
Q7M3T3,Hymenoptera,Vespidae,Vespa,Bradykinin-related peptide family,Vespakinin-M (Bradykinin-related peptide),-1,0
Q6H2Z4,Hymenoptera,Apidae,Apis,,Mast cell degranulating peptide,-1,0
A0A8U0LU66,Hymenoptera,Formicidae,Rhytidoponera,EGF domain peptide family,OMEGA-ectatommitoxin(02)-Rm1d (ECTX2-Rm1d) (OMEGA-ECTX2-Rm1d),-1,0
Q7M3T2,Hymenoptera,Vespidae,Vespa,Bradykinin-related peptide family,Vespakinin-X (Bradykinin-related peptide),-1,0
D1MEJ0,Hymenoptera,Vespidae,Eumenes,,Venom peptide 4a (EpVP4a) (VP4a),-1,0
A0A8U0LTT7,Hymenoptera,Formicidae,Rhytidoponera,EGF domain peptide family,OMEGA-ectatommitoxin(02)-Rm1a (ECTX2-Rm1a) (OMEGA-ECTX2-Rm1a),-1,0
A0A8U0LTT9,Hymenoptera,Formicidae,Rhytidoponera,EGF domain peptide family,OMEGA-ectatommitoxin(02)-Rm1e (ECTX2-Rm1e) (OMEGA-ECTX2-Rm1e),-1,0
S4S3G3,Hymenoptera,Vespidae,Vespa,"MCD family, Mastoparan subfamily",Mastoparan-D (MP-D),-1,0
P83660,Hymenoptera,Pompilidae,Cyphononyx,Bradykinin-related peptide family,Bradykinin-related peptide Cd-146,-1,0
S4S3F6,Hymenoptera,Vespidae,Vespa,"MCD family, Mastoparan subfamily",Mastoparan-V (MP-V),-1,0
P17232,Hymenoptera,Vespidae,Vespa,"MCD family, Crabrolin subfamily",Vespid chemotactic peptide M (VESCP-M) (Ves-CP-M),-1,0
P17231,Hymenoptera,Vespidae,Vespa,"MCD family, Crabrolin subfamily",Vespid chemotactic peptide T (VESCP-T) (Ves-CP-T),-1,0
P0DX35,Hymenoptera,Vespidae,Polistes,"MCD family, Mastoparan subfamily",Polistes mastoparan-R1 (Pm-R1),-1,0
P0DX46,Hymenoptera,Vespidae,Agelaia,"MCD family, Mastoparan subfamily",Agelaiatoxin-8 (AVTx8),-1,0
P17233,Hymenoptera,Vespidae,Vespa,"MCD family, Crabrolin subfamily",Vespid chemotactic peptide A (VESCP-A),-1,0
P17234,Hymenoptera,Vespidae,Vespa,"MCD family, Crabrolin subfamily",Vespid chemotactic peptide X (VESCP-X) (Ves-CP-X),-1,0
P42716,Hymenoptera,Vespidae,Parapolybia,"MCD family, Mastoparan subfamily",Parapolybia-mastoparan (Parapolybia-MP),-1,0
S4S2C7,Hymenoptera,Vespidae,Vespa,"MCD family, Mastoparan subfamily",Mastoparan-AF (MP-AF),-1,0
P42717,Hymenoptera,Vespidae,Parapolybia,Bradykinin-related peptide family,Waspkinin (Bradykinin-related peptide),-1,0
P0C5G7,Hymenoptera,Vespidae,Vespa,"MCD family, Mastoparan subfamily",Mastoparan-like peptide 12d,-1,0
B5AJT4,Hymenoptera,Eulophidae,Eulophus,Venom metalloproteinase (M12B) family,Venom metalloproteinase 3 (EpMP3),-1,-1
P0DSL6,Hymenoptera,Formicidae,Dinoponera,,U1-poneritoxin-Dq5a (U1-PONTX-Dq5a) (Dinoponera ICK-like toxin) (Poneratoxin),-1,-1
P0CJ36,Hymenoptera,Vespidae,Eumenes,"MCD family, Eumenitin subfamily",Eumenitin-R,-1,0
P0DRA2,Hymenoptera,Vespidae,Vespa,"MCD family, Mastoparan subfamily",Mastoparan-VB2 (MP-VB2),-1,0
P0DRA5,Hymenoptera,Vespidae,Polistes,"MCD family, Mastoparan subfamily",Mastoparan PDD-A,-1,0
P82415,Hymenoptera,Formicidae,Neoponera,Ponericin-G family,U1-poneritoxin-Ng3b (U1-PONTX-Ng3b) (Poneratoxin) (Ponericin-G2),-1,0
P82416,Hymenoptera,Formicidae,Neoponera,Ponericin-G family,M-poneritoxin-Ng3c (M-PONTX-Ng3c) (Poneratoxin) (Ponericin-G3),-1,0
P82423,Hymenoptera,Formicidae,Neoponera,"Non-disulfide-bridged peptide (NDBP) superfamily, Medium-length antimicrobial peptide (group 3) family, Ponericin-W subfamily",M-poneritoxin-Ng1a (M-PONTX-Ng1a) (Poneratoxin) (Ponericin-W1),-1,0
P82424,Hymenoptera,Formicidae,Neoponera,"Non-disulfide-bridged peptide (NDBP) superfamily, Medium-length antimicrobial peptide (group 3) family, Ponericin-W subfamily",U1-poneritoxin-Ng1b (U1-PONTX-Ng1b) (Poneratoxin) (Ponericin-W2),-1,0
Q86QT2,Hymenoptera,Apidae,Apis,,Apamin,-1,0
P82414,Hymenoptera,Formicidae,Neoponera,Ponericin-G family,M-poneritoxin-Ng3a (M-PONTX-Ng3a) (Poneratoxin) (Ponericin-G1),-1,0
P0CJ39,Hymenoptera,Vespidae,Eumenes,"MCD family, Mastoparan subfamily",Eumenine mastoparan-EF (EMP-EF),-1,0
P82425,Hymenoptera,Formicidae,Neoponera,"Non-disulfide-bridged peptide (NDBP) superfamily, Medium-length antimicrobial peptide (group 3) family, Ponericin-W subfamily",M-poneritoxin-Ng1c (M-PONTX-Ng1c) (Poneratoxin) (Ponericin-W3),-1,0
P0C1R2,Hymenoptera,Vespidae,Protonectarina,Sylv/frat/paul family,Sylverin,-1,0
P0DL32,Hymenoptera,Pompilidae,Cyphononyx,Bradykinin-related peptide family,Fulvonin (Bradykinin-related peptide),-1,0
D8KY58,Hymenoptera,Apidae,Bombus,Venom Kunitz-type family,Kunitz-type serine protease inhibitor Bt-KTI,5,17
G3LH89,Hymenoptera,Apidae,Bombus,Venom Kunitz-type family,Kunitz-type serine protease inhibitor Bi-KTI,5,17
Q589G4,Hymenoptera,Pompilidae,Anoplius,Venom Kunitz-type family,Kunitz-type serine protease inhibitor As-fr-19 (Asfr19),5,17
